dataset,seed,updates,ema,sw1_difference,mode_difference,inlier_difference
gmm8,2001,5000,ema099,-0.07432497684955197,0,0.0068359375
gmm8,2001,5000,ema0999,-0.07283517936706652,0,0.00732421875
gmm8,2001,10000,ema099,0.0001249204009912963,0,-0.00048828125
gmm8,2001,10000,ema0999,-0.0008863611408446159,0,-0.00146484375
gmm8,2002,5000,ema099,-0.09136798183026029,0,0.0009765625
gmm8,2002,5000,ema0999,-0.08501377183896863,0,-0.01025390625
gmm8,2002,10000,ema099,-0.00019385348629025884,0,-0.00048828125
gmm8,2002,10000,ema0999,0.0010631684227019947,0,0.00146484375
gmm8,2003,5000,ema099,0.011039350437114404,0,-0.00244140625
gmm8,2003,5000,ema0999,0.014542251479130283,0,-0.01025390625
gmm8,2003,10000,ema099,2.179758059144693e-05,0,0.00048828125
gmm8,2003,10000,ema0999,0.0019229256599642489,0,0.00048828125
gmm8,2004,5000,ema099,-0.06651472584758254,0,0.00439453125
gmm8,2004,5000,ema0999,-0.06749816073294759,0,0.00146484375
gmm8,2004,10000,ema099,0.0001589175621755784,0,0.0
gmm8,2004,10000,ema0999,-0.0014533181049659408,0,-0.0009765625
gmm8,2005,5000,ema099,-0.08634683487558453,0,0.00244140625
gmm8,2005,5000,ema0999,-0.08333683782267291,0,0.0
gmm8,2005,10000,ema099,0.0002001771537033445,0,0.00146484375
gmm8,2005,10000,ema0999,0.0028497729877475578,0,-0.0009765625
moons,1001,5000,ema099,-0.09265250288582028,,
moons,1001,5000,ema0999,-0.09630535011087618,,
moons,1001,10000,ema099,7.210653571491227e-05,,
moons,1001,10000,ema0999,0.0007302758852210933,,
moons,1002,5000,ema099,-0.012862922037098434,,
moons,1002,5000,ema0999,-0.012086161748469243,,
moons,1002,10000,ema099,-7.51733244341024e-05,,
moons,1002,10000,ema0999,-0.0012133128826453399,,
moons,1003,5000,ema099,-0.03855405649534363,,
moons,1003,5000,ema0999,-0.044787415804789746,,
moons,1003,10000,ema099,1.1730725474584647e-05,,
moons,1003,10000,ema0999,-0.00178881126795008,,
moons,1004,5000,ema099,-0.03717030586191147,,
moons,1004,5000,ema0999,-0.02189947785964637,,
moons,1004,10000,ema099,0.00013556413837004233,,
moons,1004,10000,ema0999,-0.00108943517136742,,
moons,1005,5000,ema099,-0.1292211746728852,,
moons,1005,5000,ema0999,-0.128741113811571,,
moons,1005,10000,ema099,-0.00044981827523313256,,
moons,1005,10000,ema0999,-0.001211936976947263,,
