dataset,seed,updates,weights,sw1,covered_modes,inlier_fraction,mode_total_variation
gmm8,2001,5000,ema099,0.035147913896405564,8,0.982421875,0.0205078125
gmm8,2001,5000,ema0999,0.036637711378891026,8,0.98291015625,0.018310546875
gmm8,2001,5000,raw,0.10947289074595754,8,0.9755859375,0.0517578125
gmm8,2001,10000,ema099,0.033444491789862654,8,0.98828125,0.01806640625
gmm8,2001,10000,ema0999,0.03243321024802674,8,0.9873046875,0.01953125
gmm8,2001,10000,raw,0.03331957138887136,8,0.98876953125,0.018310546875
gmm8,2002,5000,ema099,0.04012154843584248,8,0.9833984375,0.02783203125
gmm8,2002,5000,ema0999,0.04647575842713414,8,0.97216796875,0.030029296875
gmm8,2002,5000,raw,0.13148953026610277,8,0.982421875,0.06103515625
gmm8,2002,10000,ema099,0.04014935468797296,8,0.9853515625,0.02197265625
gmm8,2002,10000,ema0999,0.041406376596965215,8,0.9873046875,0.0234375
gmm8,2002,10000,raw,0.04034320817426322,8,0.98583984375,0.022705078125
gmm8,2003,5000,ema099,0.05237711821281986,8,0.98779296875,0.028564453125
gmm8,2003,5000,ema0999,0.05588001925483574,8,0.97998046875,0.031005859375
gmm8,2003,5000,raw,0.041337767775705456,8,0.990234375,0.03125
gmm8,2003,10000,ema099,0.046669297655791434,8,0.990234375,0.03515625
gmm8,2003,10000,ema0999,0.048570425735164235,8,0.990234375,0.03076171875
gmm8,2003,10000,raw,0.04664750007519999,8,0.98974609375,0.035400390625
gmm8,2004,5000,ema099,0.03737883927970494,8,0.9814453125,0.0283203125
gmm8,2004,5000,ema0999,0.036395404394339886,8,0.978515625,0.02734375
gmm8,2004,5000,raw,0.10389356512728748,8,0.97705078125,0.048095703125
gmm8,2004,10000,ema099,0.03618419331300986,8,0.98681640625,0.024658203125
gmm8,2004,10000,ema0999,0.03457195764586834,8,0.98583984375,0.025146484375
gmm8,2004,10000,raw,0.03602527575083428,8,0.98681640625,0.024658203125
gmm8,2005,5000,ema099,0.048080596822131616,8,0.98291015625,0.022216796875
gmm8,2005,5000,ema0999,0.051090593875043236,8,0.98046875,0.02001953125
gmm8,2005,5000,raw,0.13442743169771615,8,0.98046875,0.0400390625
gmm8,2005,10000,ema099,0.038739913441908067,8,0.990234375,0.01171875
gmm8,2005,10000,ema0999,0.04138950927595228,8,0.98779296875,0.010986328125
gmm8,2005,10000,raw,0.03853973628820472,8,0.98876953125,0.011474609375
moons,1001,5000,ema099,0.0320826616147157,,,
moons,1001,5000,ema0999,0.02842981438965979,,,
moons,1001,5000,raw,0.12473516450053597,,,
moons,1001,10000,ema099,0.03172457294753892,,,
moons,1001,10000,ema0999,0.0323827422970451,,,
moons,1001,10000,raw,0.03165246641182401,,,
moons,1002,5000,ema099,0.07625672196340741,,,
moons,1002,5000,ema0999,0.0770334822520366,,,
moons,1002,5000,raw,0.08911964400050584,,,
moons,1002,10000,ema099,0.07044419505856686,,,
moons,1002,10000,ema0999,0.06930605550035562,,,
moons,1002,10000,raw,0.07051936838300096,,,
moons,1003,5000,ema099,0.04348585484147735,,,
moons,1003,5000,ema0999,0.037252495532031235,,,
moons,1003,5000,raw,0.08203991133682098,,,
moons,1003,10000,ema099,0.044781735066692197,,,
moons,1003,10000,ema0999,0.04298119307326753,,,
moons,1003,10000,raw,0.04477000434121761,,,
moons,1004,5000,ema099,0.057592733795229265,,,
moons,1004,5000,ema0999,0.07286356179749437,,,
moons,1004,5000,raw,0.09476303965714074,,,
moons,1004,10000,ema099,0.06722353366140492,,,
moons,1004,10000,ema0999,0.06599853435166746,,,
moons,1004,10000,raw,0.06708796952303488,,,
moons,1005,5000,ema099,0.06040012180852873,,,
moons,1005,5000,ema0999,0.06088018266984291,,,
moons,1005,5000,raw,0.1896212964814139,,,
moons,1005,10000,ema099,0.061368112863791846,,,
moons,1005,10000,ema0999,0.060605994162077716,,,
moons,1005,10000,raw,0.06181793113902498,,,
